<?xml version='1.0' encoding='UTF-8'?>
<l:dependencies xmlns:l='licenses' groupId='org.jenkins-ci.tools' artifactId='git-parameter' version='0.9.18'><l:dependency name='Git Parameter Plug-In' groupId='org.jenkins-ci.tools' artifactId='git-parameter' version='0.9.18' url='https://github.com/jenkinsci/git-parameter-plugin'><l:description>Adds ability to choose branches, tags  or revisions from git repositories configured in project.</l:description><l:license name='MIT License' url='https://opensource.org/licenses/MIT'/></l:dependency><l:dependency name='JSON in Java' groupId='org.json' artifactId='json' version='20190722' url='https://github.com/douglascrockford/JSON-java'><l:description>JSON is a light-weight, language independent, data interchange format.
		See http://www.JSON.org/

		The files in this package implement JSON encoders/decoders in Java.
		It also includes the capability to convert between JSON and XML, HTTP
		headers, Cookies, and CDL.

		This is a reference implementation. There is a large number of JSON packages
		in Java. Perhaps someday the Java community will standardize on one. Until
		then, choose carefully.

		The license includes this restriction: "The software shall be used for good,
		not evil." If your conscience cannot live with that, then choose a different
		package.</l:description><l:license name='The JSON License' url='http://json.org/license.html'/></l:dependency><l:dependency name='Pipeline: API' groupId='org.jenkins-ci.plugins.workflow' artifactId='workflow-api' version='2.46' url='https://github.com/jenkinsci/workflow-api-plugin'><l:description>The Jenkins Plugins Parent POM Project</l:description><l:license name='MIT License' url='https://opensource.org/licenses/MIT'/></l:dependency><l:dependency name='Display URL API' groupId='org.jenkins-ci.plugins' artifactId='display-url-api' version='2.3.5' url='https://github.com/jenkinsci/display-url-api-plugin'><l:description>Provides the DisplayURLProvider extension point to provide alternate URLs for use in notifications</l:description><l:license name='MIT License' url='http://opensource.org/licenses/MIT'/></l:dependency></l:dependencies>