<?xml version='1.0' encoding='UTF-8'?>
<l:dependencies xmlns:l='licenses' groupId='org.jenkins-ci.plugins' artifactId='nodejs' version='1.5.1'><l:dependency name='NodeJS Plugin' groupId='org.jenkins-ci.plugins' artifactId='nodejs' version='1.5.1' url='https://github.com/jenkinsci/nodejs-plugin'><l:description>Executes NodeJS script as a build step.</l:description><l:license name='MIT License' url='LICENSE.txt'/></l:dependency><l:dependency name='JSON in Java' groupId='org.json' artifactId='json' version='20210307' url='https://github.com/douglascrockford/JSON-java'><l:description>JSON is a light-weight, language independent, data interchange format.
        See http://www.JSON.org/

        The files in this package implement JSON encoders/decoders in Java.
        It also includes the capability to convert between JSON and XML, HTTP
        headers, Cookies, and CDL.

        This is a reference implementation. There is a large number of JSON packages
        in Java. Perhaps someday the Java community will standardize on one. Until
        then, choose carefully.

        The license includes this restriction: "The software shall be used for good,
        not evil." If your conscience cannot live with that, then choose a different
        package.</l:description><l:license name='The JSON License' url='http://json.org/license.html'/></l:dependency><l:dependency name='Pipeline: Step API' groupId='org.jenkins-ci.plugins.workflow' artifactId='workflow-step-api' version='622.vb_8e7c15b_c95a_' url='https://github.com/jenkinsci/workflow-step-api-plugin'><l:description>The Jenkins Plugins Parent POM Project</l:description><l:license name='MIT License' url='https://opensource.org/licenses/MIT'/></l:dependency><l:dependency name='Caffeine API Plugin' groupId='io.jenkins.plugins' artifactId='caffeine-api' version='2.9.2-29.v717aac953ff3' url='https://github.com/jenkinsci/caffeine-api-plugin'><l:description>Jenkins plugin that packages Caffeine for use by other plugins.</l:description><l:license name='Apache License v2' url='https://www.apache.org/licenses/LICENSE-2.0.txt'/></l:dependency><l:dependency name='Caffeine cache' groupId='com.github.ben-manes.caffeine' artifactId='caffeine' version='2.9.2' url='https://github.com/ben-manes/caffeine'><l:description>A high performance caching library</l:description><l:license name='Apache License, Version 2.0' url='https://www.apache.org/licenses/LICENSE-2.0.txt'/></l:dependency></l:dependencies>