<?xml version="1.0" encoding="UTF-8"?>
<l:dependencies xmlns:l='licenses' groupId='org.jenkins-ci.plugins' artifactId='bitbucket' version='223.vd12f2bca5430'><l:dependency name='Jenkins Bitbucket Plugin' groupId='org.jenkins-ci.plugins' artifactId='bitbucket' version='223.vd12f2bca5430' url='https://github.com/jenkinsci/bitbucket-plugin'><l:description>integrate Jenkins with BitBucket.</l:description><l:license name='MIT' url='http://www.opensource.org/licenses/mit-license.php'/></l:dependency><l:dependency name='Pipeline: API' groupId='org.jenkins-ci.plugins.workflow' artifactId='workflow-api' version='2.40' url='https://github.com/jenkinsci/workflow-api-plugin'><l:description>The Jenkins Plugins Parent POM Project</l:description><l:license name='MIT License' url='https://opensource.org/licenses/MIT'/></l:dependency><l:dependency name='JavaScript GUI Lib: jQuery bundles (jQuery and jQuery UI) plugin' groupId='org.jenkins-ci.ui' artifactId='jquery-detached' version='1.2.1' url='https://wiki.jenkins-ci.org/display/JENKINS/jQuery+Detached+Plugin'><l:description/><l:license name='MIT License' url='http://opensource.org/licenses/MIT'/></l:dependency><l:dependency name='Groovy CPS Execution' groupId='com.cloudbees' artifactId='groovy-cps' version='1.32' url='https://github.com/cloudbees/cloudbees-oss-parent/groovy-cps-parent/groovy-cps'><l:description>The CloudBees OSS Parent Project</l:description><l:license name='The Apache Software License, Version 2.0' url='http://www.apache.org/licenses/LICENSE-2.0.txt'/></l:dependency><l:dependency name='JBoss Marshalling API' groupId='org.jboss.marshalling' artifactId='jboss-marshalling' version='2.0.6.Final' url='http://www.jboss.org/jboss-marshalling-parent/jboss-marshalling'><l:description>JBoss Marshalling API</l:description><l:license name='Apache License 2.0' url='http://repository.jboss.org/licenses/apache-2.0.txt'/></l:dependency><l:dependency name='JavaScript GUI Lib: ACE Editor bundle plugin' groupId='org.jenkins-ci.ui' artifactId='ace-editor' version='1.1' url='https://wiki.jenkins-ci.org/display/JENKINS/ACE+Editor+Plugin'><l:description/><l:license name='MIT License' url='http://opensource.org/licenses/MIT'/></l:dependency><l:dependency name='JBoss Marshalling River' groupId='org.jboss.marshalling' artifactId='jboss-marshalling-river' version='2.0.6.Final' url='http://www.jboss.org/jboss-marshalling-parent/jboss-marshalling-river'><l:description>JBoss Marshalling River Implementation</l:description><l:license name='Apache License 2.0' url='http://repository.jboss.org/licenses/apache-2.0.txt'/></l:dependency><l:dependency name='Pipeline: Supporting APIs' groupId='org.jenkins-ci.plugins.workflow' artifactId='workflow-support' version='3.5' url='https://github.com/jenkinsci/workflow-support-plugin'><l:description>The Jenkins Plugins Parent POM Project</l:description><l:license name='MIT License' url='https://opensource.org/licenses/MIT'/></l:dependency><l:dependency name='Pure Java implementation of diff/patch' groupId='com.cloudbees' artifactId='diff4j' version='1.2' url='https://github.com/cloudbees/cloudbees-oss-parent/diff4j'><l:description>Repackaged the code from NetBeans</l:description><l:license name='CDDL/GPLv2 dual license' url='http://www.opensource.org/licenses/cddl1.php'/></l:dependency></l:dependencies>